training_loss,validation_loss,mean_average_score
4.135831449771576,3.7778030961321867,0.29099520149898284
