training_loss,validation_loss,mean_average_score
nan,nan,0.1657754010695187
nan,nan,0.1657754010695187
nan,nan,0.1657754010695187
nan,nan,0.1657754010695187
nan,nan,0.1657754010695187
nan,nan,0.1657754010695187
nan,nan,0.1657754010695187
nan,nan,0.1657754010695187
nan,nan,0.1657754010695187
nan,nan,0.1657754010695187
